"season","season_name","round_name","round_number","last_updated","conference","position","played","pointsFor","pointsAgainst","minScore","maxScore","avgWinMargin","avgLossMargin","playersUsed","playedThisRound","form","positionChange","team.id","team.providerId","team_name","team.abbreviation","team_nickname","team.teamType","team.club.id","team.club.providerId","team.club.name","team.club.abbreviation","team.club.nickname","quartersWon.winQ1","quartersWon.winQ2","quartersWon.winQ3","quartersWon.winQ4","quartersWon.total","thisSeasonRecord.ladderPosition","thisSeasonRecord.aggregatePoints","thisSeasonRecord.percentage","thisSeasonRecord.winLossRecord.wins","thisSeasonRecord.winLossRecord.losses","thisSeasonRecord.winLossRecord.draws","thisSeasonRecord.winLossRecord.played","homeRecord.wins","homeRecord.losses","homeRecord.draws","homeRecord.played","interstateRecord.wins","interstateRecord.losses","interstateRecord.draws","interstateRecord.played","lastFiveGamesRecord.wins","lastFiveGamesRecord.losses","lastFiveGamesRecord.draws","lastFiveGamesRecord.played","dayRecord.wins","dayRecord.losses","dayRecord.draws","dayRecord.played","nightRecord.wins","nightRecord.losses","nightRecord.draws","nightRecord.played","localRecord.wins","localRecord.losses","localRecord.draws","localRecord.played","lastOpponent.id","lastOpponent.providerId","lastOpponent.name","lastOpponent.abbreviation","lastOpponent.nickname","lastOpponent.teamType","lastOpponent.club.id","lastOpponent.club.providerId","lastOpponent.club.name","lastOpponent.club.abbreviation","lastOpponent.club.nickname"


2021,"2021 Toyota AFL Premiership","Round 23",23,"2021-08-22T09:41:05.000+0000","1",1,22,1888,1443,55,128,28.9,11.8,34,TRUE,"WWWWWWWWWLWWLWLWDLWWWW","NONE",17,"CD_T90","Melbourne","MELB","Demons","MEN",14,"CD_O18","Melbourne","Demons","Demons",13,11,18,13,55,1,70,130.8,17,4,1,22,7,3,1,11,5,2,0,7,4,1,0,5,7,2,0,9,10,2,1,13,12,2,1,15,10,"CD_T70","Geelong Cats","GEEL","Cats","MEN",15,"CD_O11","Geelong Cats","Cats","Cats"
2021,"2021 Toyota AFL Premiership","Round 23",23,"2021-08-22T09:41:05.000+0000","1",2,22,1884,1492,44,140,32.3,31.4,35,TRUE,"WWLWWWLWLWWLWWWLWWWWWW","UP",7,"CD_T110","Port Adelaide","PORT","Power","MEN",19,"CD_O24","Port Adelaide","Power","Power",9,14,15,13,51,2,68,126.3,17,5,0,22,8,3,0,11,9,2,0,11,5,0,0,5,4,0,0,4,13,5,0,18,8,3,0,11,8,"CD_T140","Western Bulldogs","WB","Bulldogs","MEN",25,"CD_O31","Western Bulldogs","Bulldogs","Bulldogs"
2021,"2021 Toyota AFL Premiership","Round 23",23,"2021-08-22T09:41:05.000+0000","1",3,22,1845,1456,50,136,30.9,17.7,35,TRUE,"LWWLWWLWWWWWWLWWWWWLWL","DOWN",10,"CD_T70","Geelong Cats","GEEL","Cats","MEN",15,"CD_O11","Geelong Cats","Cats","Cats",9,15,14,14,52,3,64,126.7,16,6,0,22,9,2,0,11,3,3,0,6,3,2,0,5,6,1,0,7,10,5,0,15,13,3,0,16,17,"CD_T90","Melbourne","MELB","Demons","MEN",14,"CD_O18","Melbourne","Demons","Demons"
2021,"2021 Toyota AFL Premiership","Round 23",23,"2021-08-22T09:41:05.000+0000","1",4,22,2131,1599,54,142,44.6,19.6,32,TRUE,"LLWLWWWWWWWLWWWLLWLWWW","UP",2,"CD_T20","Brisbane Lions","BL","Lions","MEN",13,"CD_O3","Brisbane Lions","Lions","Lions",14,14,13,15,56,4,60,133.3,15,7,0,22,9,2,0,11,5,4,0,9,4,1,0,5,3,2,0,5,12,5,0,17,10,3,0,13,18,"CD_T150","West Coast Eagles","WCE","Eagles","MEN",23,"CD_O30","West Coast Eagles","Eagles","Eagles"
2021,"2021 Toyota AFL Premiership","Round 23",23,"2021-08-22T09:41:05.000+0000","1",5,22,1994,1501,37,167,40.6,16.6,41,TRUE,"WWWWWWLWWWLWLWWLWWWLLL","DOWN",8,"CD_T140","Western Bulldogs","WB","Bulldogs","MEN",25,"CD_O31","Western Bulldogs","Bulldogs","Bulldogs",18,14,8,12,52,5,60,132.8,15,7,0,22,7,4,0,11,5,1,0,6,2,3,0,5,5,3,0,8,10,4,0,14,10,6,0,16,7,"CD_T110","Port Adelaide","PORT","Power","MEN",19,"CD_O24","Port Adelaide","Power","Power"
2021,"2021 Toyota AFL Premiership","Round 23",23,"2021-08-22T09:41:05.000+0000","1",6,22,1986,1656,51,136,30.7,18.6,37,TRUE,"WWWWLLWLWLWWLLWWWWWLWW","NONE",13,"CD_T160","Sydney Swans","SYD","Swans","MEN",24,"CD_O28","Sydney Swans","Swans","Swans",12,13,14,13,52,6,60,119.9,15,7,0,22,9,2,0,11,9,5,0,14,4,1,0,5,10,1,0,11,5,6,0,11,6,2,0,8,4,"CD_T1000","Gold Coast Suns","GCFC","Suns","MEN",9,"CD_O14","Gold Coast Suns","Suns","Suns"
2021,"2021 Toyota AFL Premiership","Round 23",23,"2021-08-22T09:41:05.000+0000","1",7,22,1768,1773,56,107,22.5,25.2,39,TRUE,"LLLWWLWWLWLDWLWLLWLWWW","NONE",15,"CD_T1010","GWS Giants","GWS","Giants","MEN",5,"CD_O16","GWS Giants","Giants","Giants",14,9,13,8,44,7,46,99.7,11,10,1,22,4,7,0,11,7,9,1,17,4,1,0,5,4,5,1,10,7,5,0,12,4,1,0,5,5,"CD_T30","Carlton","CARL","Blues","MEN",1,"CD_O5","Carlton","Blues","Blues"
2021,"2021 Toyota AFL Premiership","Round 23",23,"2021-08-22T09:41:05.000+0000","1",8,22,1953,1790,45,143,37,22.2,37,TRUE,"LLWLLWLLWWWLWLLWWLLWWW","NONE",12,"CD_T50","Essendon","ESS","Bombers","MEN",10,"CD_O9","Essendon","Bombers","Bombers",13,11,9,14,47,8,44,109.1,11,11,0,22,5,6,0,11,3,6,0,9,3,2,0,5,7,3,0,10,4,8,0,12,8,5,0,13,3,"CD_T40","Collingwood","COLL","Magpies","MEN",12,"CD_O6","Collingwood","Magpies","Magpies"
2021,"2021 Toyota AFL Premiership","Round 23",23,"2021-08-22T09:41:05.000+0000","1",9,22,1752,1880,26,132,29.2,35,37,TRUE,"WLWLWLWWWLLWWLLLWWLLLL","NONE",18,"CD_T150","West Coast Eagles","WCE","Eagles","MEN",23,"CD_O30","West Coast Eagles","Eagles","Eagles",12,14,8,10,44,9,40,93.2,10,12,0,22,7,4,0,11,3,7,0,10,1,4,0,5,6,6,0,12,4,6,0,10,7,5,0,12,2,"CD_T20","Brisbane Lions","BL","Lions","MEN",13,"CD_O3","Brisbane Lions","Lions","Lions"
2021,"2021 Toyota AFL Premiership","Round 23",23,"2021-08-22T09:41:05.000+0000","1",10,22,1644,1796,33,128,29.4,37.2,39,TRUE,"WLLWLLWWLLWLLWWWLLLWLW","UP",11,"CD_T130","St Kilda","STK","Saints","MEN",21,"CD_O27","St Kilda","Saints","Saints",10,12,9,11,42,10,40,91.5,10,12,0,22,5,6,0,11,4,4,0,8,2,3,0,5,4,3,0,7,6,9,0,15,6,8,0,14,14,"CD_T60","Fremantle","FRE","Dockers","MEN",6,"CD_O10","Fremantle","Dockers","Dockers"
2021,"2021 Toyota AFL Premiership","Round 23",23,"2021-08-22T09:41:05.000+0000","1",11,22,1578,1825,31,108,23.1,39.8,39,TRUE,"LWLWWWLLLWLLWWLWLLWLWL","DOWN",14,"CD_T60","Fremantle","FRE","Dockers","MEN",6,"CD_O10","Fremantle","Dockers","Dockers",9,10,14,6,39,11,40,86.5,10,12,0,22,7,4,0,11,3,8,0,11,2,3,0,5,8,7,0,15,2,5,0,7,7,4,0,11,11,"CD_T130","St Kilda","STK","Saints","MEN",21,"CD_O27","St Kilda","Saints","Saints"
2021,"2021 Toyota AFL Premiership","Round 23",23,"2021-08-22T09:41:05.000+0000","1",12,22,1743,1780,22,134,31.8,26.9,40,TRUE,"WWLLWLWLWLWWLLLLWLLWLD","DOWN",16,"CD_T120","Richmond","RICH","Tigers","MEN",22,"CD_O25","Richmond","Tigers","Tigers",10,7,10,13,40,12,38,97.9,9,12,1,22,6,4,1,11,3,4,0,7,1,3,1,5,2,3,1,6,7,9,0,16,6,8,1,15,9,"CD_T80","Hawthorn","HAW","Hawks","MEN",16,"CD_O17","Hawthorn","Hawks","Hawks"
2021,"2021 Toyota AFL Premiership","Round 23",23,"2021-08-22T09:41:05.000+0000","1",13,22,1746,1972,44,123,22.6,29.1,39,TRUE,"LLWWLLWLLWLLLWWLWLWLLL","NONE",5,"CD_T30","Carlton","CARL","Blues","MEN",1,"CD_O5","Carlton","Blues","Blues",9,9,10,8,36,13,32,88.5,8,14,0,22,3,8,0,11,1,4,0,5,1,4,0,5,4,6,0,10,4,8,0,12,7,10,0,17,15,"CD_T1010","GWS Giants","GWS","Giants","MEN",5,"CD_O16","GWS Giants","Giants","Giants"
2021,"2021 Toyota AFL Premiership","Round 23",23,"2021-08-22T09:41:05.000+0000","1",14,22,1629,1912,46,102,16.9,30.8,38,TRUE,"WLLLLWLLLLLWLWLLDLWWWD","NONE",9,"CD_T80","Hawthorn","HAW","Hawks","MEN",16,"CD_O17","Hawthorn","Hawks","Hawks",7,9,8,8,32,14,32,85.2,7,13,2,22,4,7,0,11,4,5,0,9,3,1,1,5,5,9,1,15,2,4,1,7,3,8,2,13,16,"CD_T120","Richmond","RICH","Tigers","MEN",22,"CD_O25","Richmond","Tigers","Tigers"
2021,"2021 Toyota AFL Premiership","Round 23",23,"2021-08-22T09:41:05.000+0000","1",15,22,1616,1971,21,109,19,32.5,37,TRUE,"WLWWLLLLLWLLWLLLLWLLLW","UP",1,"CD_T10","Adelaide Crows","ADEL","Crows","MEN",3,"CD_O1","Adelaide Crows","Crows","Crows",8,10,3,11,32,15,28,82,7,15,0,22,5,6,0,11,3,8,0,11,2,3,0,5,1,8,0,9,6,7,0,13,4,7,0,11,6,"CD_T100","North Melbourne","NMFC","Kangaroos","MEN",20,"CD_O20","North Melbourne","Kangaroos","Kangaroos"
2021,"2021 Toyota AFL Premiership","Round 23",23,"2021-08-22T09:41:05.000+0000","1",16,22,1430,1863,30,113,27.1,41.5,38,TRUE,"LWLLLWWLLLWLLLWWLLLWLL","DOWN",4,"CD_T1000","Gold Coast Suns","GCFC","Suns","MEN",9,"CD_O14","Gold Coast Suns","Suns","Suns",8,10,9,10,37,16,28,76.8,7,15,0,22,4,7,0,11,5,9,0,14,1,4,0,5,4,10,0,14,3,5,0,8,2,6,0,8,13,"CD_T160","Sydney Swans","SYD","Swans","MEN",24,"CD_O28","Sydney Swans","Swans","Swans"
2021,"2021 Toyota AFL Premiership","Round 23",23,"2021-08-22T09:41:05.000+0000","1",17,22,1557,1818,42,106,20.3,23.9,39,TRUE,"LWLLLLLWLLLWWLLWLLWLLL","DOWN",3,"CD_T40","Collingwood","COLL","Magpies","MEN",12,"CD_O6","Collingwood","Magpies","Magpies",11,5,7,9,32,17,24,85.6,6,16,0,22,1,10,0,11,2,3,0,5,1,4,0,5,1,10,0,11,5,6,0,11,4,13,0,17,12,"CD_T50","Essendon","ESS","Bombers","MEN",10,"CD_O9","Essendon","Bombers","Bombers"
2021,"2021 Toyota AFL Premiership","Round 23",23,"2021-08-22T09:41:05.000+0000","1",18,22,1458,2075,39,116,16.3,40.1,38,TRUE,"LLLLLLLLWLLDLWLWLWLLLL","NONE",6,"CD_T100","North Melbourne","NMFC","Kangaroos","MEN",20,"CD_O20","North Melbourne","Kangaroos","Kangaroos",9,5,10,7,31,18,18,70.3,4,17,1,22,1,9,1,11,3,7,1,11,1,4,0,5,3,5,1,9,1,12,0,13,1,10,0,11,1,"CD_T10","Adelaide Crows","ADEL","Crows","MEN",3,"CD_O1","Adelaide Crows","Crows","Crows"
